INSERT INTO Franchise (FranchiseID, FranchiseName, Publisher, StartYear, WebsiteURL) VALUES (1, 'Counter-Strike', 'Valve', 2000, 'https://www.counter-strike.net');
INSERT INTO Franchise (FranchiseID, FranchiseName, Publisher, StartYear, WebsiteURL) VALUES (2, 'PUBG', 'Krafton', 2017, 'https://pubg.com');
INSERT INTO Franchise (FranchiseID, FranchiseName, Publisher, StartYear, WebsiteURL) VALUES (3, 'Dota', 'Valve', 2013, 'https://www.dota2.com');
INSERT INTO Franchise (FranchiseID, FranchiseName, Publisher, StartYear, WebsiteURL) VALUES (4, 'Rust', 'Facepunch Studios', 2018, 'https://rust.facepunch.com');
INSERT INTO Franchise (FranchiseID, FranchiseName, Publisher, StartYear, WebsiteURL) VALUES (5, 'Team Fortress', 'Valve', 1996, 'https://www.teamfortress.com');
INSERT INTO Franchise (FranchiseID, FranchiseName, Publisher, StartYear, WebsiteURL) VALUES (6, 'Grand Theft Auto', 'Rockstar Games', 1997, 'https://www.rockstargames.com');
INSERT INTO Franchise (FranchiseID, FranchiseName, Publisher, StartYear, WebsiteURL) VALUES (7, 'Baldur?s Gate', 'BioWare / Larian Studios', 1998, 'https://baldursgate3.game');
INSERT INTO Franchise (FranchiseID, FranchiseName, Publisher, StartYear, WebsiteURL) VALUES (8, 'Titanfall', 'Electronic Arts', 2014, 'https://www.ea.com/games/apex-legends');
INSERT INTO Franchise (FranchiseID, FranchiseName, Publisher, StartYear, WebsiteURL) VALUES (9, 'Warframe', 'Digital Extremes', 2013, 'https://www.warframe.com');
INSERT INTO Franchise (FranchiseID, FranchiseName, Publisher, StartYear, WebsiteURL) VALUES (10, 'Tom Clancy', 'Ubisoft', 1998, 'https://www.ubisoft.com');
INSERT INTO Franchise (FranchiseID, FranchiseName, Publisher, StartYear, WebsiteURL) VALUES (11, 'Cyberpunk', 'CD Projekt', 2020, 'https://www.cyberpunk.net');
INSERT INTO Franchise (FranchiseID, FranchiseName, Publisher, StartYear, WebsiteURL) VALUES (12, 'The Witcher', 'CD Projekt', 2007, 'https://thewitcher.com');
INSERT INTO Franchise (FranchiseID, FranchiseName, Publisher, StartYear, WebsiteURL) VALUES (13, 'Souls', 'FromSoftware', 2009, 'https://www.fromsoftware.jp');
INSERT INTO Franchise (FranchiseID, FranchiseName, Publisher, StartYear, WebsiteURL) VALUES (14, 'Red Dead', 'Rockstar Games', 2004, 'https://www.rockstargames.com');
INSERT INTO Franchise (FranchiseID, FranchiseName, Publisher, StartYear, WebsiteURL) VALUES (15, 'Fallout', 'Bethesda', 1997, 'https://fallout.bethesda.net');
INSERT INTO Franchise (FranchiseID, FranchiseName, Publisher, StartYear, WebsiteURL) VALUES (16, 'Elder Scrolls', 'Bethesda', 1994, 'https://elderscrolls.bethesda.net');
INSERT INTO Franchise (FranchiseID, FranchiseName, Publisher, StartYear, WebsiteURL) VALUES (17, 'Civilization', '2K / Firaxis', 1991, 'https://civilization.com');
INSERT INTO Franchise (FranchiseID, FranchiseName, Publisher, StartYear, WebsiteURL) VALUES (18, 'Stardew Valley', 'ConcernedApe', 2016, 'https://www.stardewvalley.net');
INSERT INTO Franchise (FranchiseID, FranchiseName, Publisher, StartYear, WebsiteURL) VALUES (19, 'Terraria', 'Re-Logic', 2011, 'https://terraria.org');
INSERT INTO Franchise (FranchiseID, FranchiseName, Publisher, StartYear, WebsiteURL) VALUES (20, 'Hades', 'Supergiant Games', 2020, 'https://www.supergiantgames.com');
INSERT INTO Franchise (FranchiseID, FranchiseName, Publisher, StartYear, WebsiteURL) VALUES (21, 'Slay the Spire', 'MegaCrit', 2019, 'https://www.megacrit.com');
INSERT INTO Franchise (FranchiseID, FranchiseName, Publisher, StartYear, WebsiteURL) VALUES (22, 'Truck Simulator', 'SCS Software', 2008, 'https://www.scssoft.com');
INSERT INTO Franchise (FranchiseID, FranchiseName, Publisher, StartYear, WebsiteURL) VALUES (23, 'Cities', 'Paradox Interactive', 2015, 'https://www.paradoxinteractive.com');
INSERT INTO Franchise (FranchiseID, FranchiseName, Publisher, StartYear, WebsiteURL) VALUES (24, 'Minecraft', 'Mojang / Microsoft', 2011, 'https://www.minecraft.net');
INSERT INTO Franchise (FranchiseID, FranchiseName, Publisher, StartYear, WebsiteURL) VALUES (25, 'Among Us', 'Innersloth', 2018, 'https://www.innersloth.com');
INSERT INTO Franchise (FranchiseID, FranchiseName, Publisher, StartYear, WebsiteURL) VALUES (26, 'Left 4 Dead', 'Valve', 2008, 'https://www.l4d.com');
INSERT INTO Franchise (FranchiseID, FranchiseName, Publisher, StartYear, WebsiteURL) VALUES (27, 'Portal', 'Valve', 2007, 'https://www.thinkwithportals.com');
INSERT INTO Franchise (FranchiseID, FranchiseName, Publisher, StartYear, WebsiteURL) VALUES (28, 'Half-Life', 'Valve', 1998, 'https://www.half-life.com');
INSERT INTO Franchise (FranchiseID, FranchiseName, Publisher, StartYear, WebsiteURL) VALUES (29, 'ARK', 'Studio Wildcard', 2017, 'https://survivetheark.com');
INSERT INTO Franchise (FranchiseID, FranchiseName, Publisher, StartYear, WebsiteURL) VALUES (30, 'No Man''s Sky', 'Hello Games', 2016, 'https://www.nomanssky.com');
INSERT INTO Franchise (FranchiseID, FranchiseName, Publisher, StartYear, WebsiteURL) VALUES (31, 'Monster Hunter', 'Capcom', 2004, 'https://www.monsterhunter.com');
INSERT INTO Franchise (FranchiseID, FranchiseName, Publisher, StartYear, WebsiteURL) VALUES (32, 'Resident Evil', 'Capcom', 1996, 'https://www.residentevil.com');
INSERT INTO Franchise (FranchiseID, FranchiseName, Publisher, StartYear, WebsiteURL) VALUES (33, 'Call of Duty', 'Activision', 2003, 'https://www.callofduty.com');
INSERT INTO Franchise (FranchiseID, FranchiseName, Publisher, StartYear, WebsiteURL) VALUES (34, 'FIFA', 'EA Sports', 1993, 'https://www.ea.com/sports/fifa');
INSERT INTO Franchise (FranchiseID, FranchiseName, Publisher, StartYear, WebsiteURL) VALUES (35, 'NBA 2K', '2K Sports', 1999, 'https://nba.2k.com');
INSERT INTO Franchise (FranchiseID, FranchiseName, Publisher, StartYear, WebsiteURL) VALUES (36, 'Assassin?s Creed', 'Ubisoft', 2007, 'https://www.ubisoft.com');
INSERT INTO Franchise (FranchiseID, FranchiseName, Publisher, StartYear, WebsiteURL) VALUES (37, 'Far Cry', 'Ubisoft', 2004, 'https://www.ubisoft.com');
INSERT INTO Franchise (FranchiseID, FranchiseName, Publisher, StartYear, WebsiteURL) VALUES (38, 'DOOM', 'id Software / Bethesda', 1993, 'https://doom.bethesda.net');
INSERT INTO Franchise (FranchiseID, FranchiseName, Publisher, StartYear, WebsiteURL) VALUES (39, 'Halo', 'Microsoft', 2001, 'https://www.halowaypoint.com');
INSERT INTO Franchise (FranchiseID, FranchiseName, Publisher, StartYear, WebsiteURL) VALUES (40, 'Forza', 'Microsoft', 2005, 'https://forza.net');
INSERT INTO Franchise (FranchiseID, FranchiseName, Publisher, StartYear, WebsiteURL) VALUES (41, 'NFS', 'Electronic Arts', 1994, 'https://www.ea.com');
INSERT INTO Franchise (FranchiseID, FranchiseName, Publisher, StartYear, WebsiteURL) VALUES (42, 'Dead by Daylight', 'Behaviour Interactive', 2016, 'https://deadbydaylight.com');
INSERT INTO Franchise (FranchiseID, FranchiseName, Publisher, StartYear, WebsiteURL) VALUES (43, 'Phasmophobia', 'Kinetic Games', 2020, 'https://kineticgames.co.uk');
INSERT INTO Franchise (FranchiseID, FranchiseName, Publisher, StartYear, WebsiteURL) VALUES (44, 'Garry''s Mod', 'Facepunch Studios', 2006, 'https://gmod.facepunch.com');
INSERT INTO Franchise (FranchiseID, FranchiseName, Publisher, StartYear, WebsiteURL) VALUES (45, 'Subnautica', 'Unknown Worlds', 2018, 'https://unknownworlds.com');
INSERT INTO Franchise (FranchiseID, FranchiseName, Publisher, StartYear, WebsiteURL) VALUES (46, 'The Forest', 'Endnight Games', 2018, 'https://endnightgames.com');
INSERT INTO Franchise (FranchiseID, FranchiseName, Publisher, StartYear, WebsiteURL) VALUES (47, 'Factorio', 'Wube Software', 2020, 'https://factorio.com');
INSERT INTO Franchise (FranchiseID, FranchiseName, Publisher, StartYear, WebsiteURL) VALUES (48, 'RimWorld', 'Ludeon Studios', 2018, 'https://ludeon.com');
INSERT INTO Franchise (FranchiseID, FranchiseName, Publisher, StartYear, WebsiteURL) VALUES (49, 'Project Zomboid', 'The Indie Stone', 2013, 'https://projectzomboid.com');
INSERT INTO Franchise (FranchiseID, FranchiseName, Publisher, StartYear, WebsiteURL) VALUES (50, 'Valheim', 'Iron Gate Studio', 2021, 'https://valheim.com');
INSERT INTO Franchise (FranchiseID, FranchiseName, Publisher, StartYear, WebsiteURL) VALUES (51, 'Payday', 'Starbreeze Studios', 2011, 'https://www.paydaythegame.com');
INSERT INTO Franchise (FranchiseID, FranchiseName, Publisher, StartYear, WebsiteURL) VALUES (52, 'Borderlands', 'Gearbox Software', 2009, 'https://borderlands.com');
INSERT INTO Franchise (FranchiseID, FranchiseName, Publisher, StartYear, WebsiteURL) VALUES (53, 'BioShock', '2K', 2007, 'https://bioshock.com');
INSERT INTO Franchise (FranchiseID, FranchiseName, Publisher, StartYear, WebsiteURL) VALUES (54, 'Mass Effect', 'BioWare', 2007, 'https://www.ea.com');
INSERT INTO Franchise (FranchiseID, FranchiseName, Publisher, StartYear, WebsiteURL) VALUES (55, 'Dragon Age', 'BioWare', 2009, 'https://www.ea.com');
INSERT INTO Franchise (FranchiseID, FranchiseName, Publisher, StartYear, WebsiteURL) VALUES (56, 'Starfield', 'Bethesda', 2023, 'https://bethesda.net');
INSERT INTO Franchise (FranchiseID, FranchiseName, Publisher, StartYear, WebsiteURL) VALUES (57, 'Outer Worlds', 'Obsidian', 2019, 'https://outerworlds.obsidian.net');
INSERT INTO Franchise (FranchiseID, FranchiseName, Publisher, StartYear, WebsiteURL) VALUES (58, 'Hitman', 'IO Interactive', 2000, 'https://hitman.com');
INSERT INTO Franchise (FranchiseID, FranchiseName, Publisher, StartYear, WebsiteURL) VALUES (59, 'Dishonored', 'Arkane Studios', 2012, 'https://bethesda.net');
INSERT INTO Franchise (FranchiseID, FranchiseName, Publisher, StartYear, WebsiteURL) VALUES (60, 'Prey', 'Bethesda', 2006, 'https://bethesda.net');
INSERT INTO Franchise (FranchiseID, FranchiseName, Publisher, StartYear, WebsiteURL) VALUES (61, 'Control', 'Remedy Entertainment', 2019, 'https://controlgame.com');
INSERT INTO Franchise (FranchiseID, FranchiseName, Publisher, StartYear, WebsiteURL) VALUES (62, 'Alan Wake', 'Remedy Entertainment', 2010, 'https://alanwake.com');
INSERT INTO Franchise (FranchiseID, FranchiseName, Publisher, StartYear, WebsiteURL) VALUES (63, 'Death Stranding', 'Kojima Productions', 2019, 'https://kojimaproductions.jp');
INSERT INTO Franchise (FranchiseID, FranchiseName, Publisher, StartYear, WebsiteURL) VALUES (64, 'Metal Gear', 'Konami', 1987, 'https://www.konami.com');
INSERT INTO Franchise (FranchiseID, FranchiseName, Publisher, StartYear, WebsiteURL) VALUES (65, 'Persona', 'Atlus', 1996, 'https://atlus.com');
INSERT INTO Franchise (FranchiseID, FranchiseName, Publisher, StartYear, WebsiteURL) VALUES (66, 'Yakuza', 'Sega', 2005, 'https://ryu-ga-gotoku.com');
INSERT INTO Franchise (FranchiseID, FranchiseName, Publisher, StartYear, WebsiteURL) VALUES (67, 'Final Fantasy', 'Square Enix', 1987, 'https://finalfantasy.com');
INSERT INTO Franchise (FranchiseID, FranchiseName, Publisher, StartYear, WebsiteURL) VALUES (68, 'Kingdom Hearts', 'Square Enix / Disney', 2002, 'https://www.kingdomhearts.com');
INSERT INTO Franchise (FranchiseID, FranchiseName, Publisher, StartYear, WebsiteURL) VALUES (69, 'Nier', 'Square Enix', 2010, 'https://niergame.com');
INSERT INTO Franchise (FranchiseID, FranchiseName, Publisher, StartYear, WebsiteURL) VALUES (70, 'Devil May Cry', 'Capcom', 2001, 'https://www.capcom.com');
INSERT INTO Franchise (FranchiseID, FranchiseName, Publisher, StartYear, WebsiteURL) VALUES (71, 'Street Fighter', 'Capcom', 1987, 'https://streetfighter.com');
INSERT INTO Franchise (FranchiseID, FranchiseName, Publisher, StartYear, WebsiteURL) VALUES (72, 'Tekken', 'Bandai Namco', 1994, 'https://www.bandainamcoent.com');
INSERT INTO Franchise (FranchiseID, FranchiseName, Publisher, StartYear, WebsiteURL) VALUES (73, 'Mortal Kombat', 'Warner Bros.', 1992, 'https://www.mortalkombat.com');
INSERT INTO Franchise (FranchiseID, FranchiseName, Publisher, StartYear, WebsiteURL) VALUES (74, 'Injustice', 'Warner Bros.', 2013, 'https://www.injustice.com');
INSERT INTO Franchise (FranchiseID, FranchiseName, Publisher, StartYear, WebsiteURL) VALUES (75, 'Overcooked', 'Team17', 2016, 'https://www.team17.com');
INSERT INTO Franchise (FranchiseID, FranchiseName, Publisher, StartYear, WebsiteURL) VALUES (76, 'Fall Guys', 'Epic Games', 2020, 'https://www.fallguys.com');
INSERT INTO Franchise (FranchiseID, FranchiseName, Publisher, StartYear, WebsiteURL) VALUES (77, 'Rocket League', 'Psyonix / Epic', 2015, 'https://www.rocketleague.com');
INSERT INTO Franchise (FranchiseID, FranchiseName, Publisher, StartYear, WebsiteURL) VALUES (78, 'Trackmania', 'Ubisoft', 2003, 'https://www.trackmania.com');
INSERT INTO Franchise (FranchiseID, FranchiseName, Publisher, StartYear, WebsiteURL) VALUES (79, 'Runner', 'Focus Entertainment', 2020, 'https://www.focus-entmt.com');
INSERT INTO Franchise (FranchiseID, FranchiseName, Publisher, StartYear, WebsiteURL) VALUES (80, 'House Flipper', 'Frozen District', 2018, 'https://frozendistrict.com');
INSERT INTO Franchise (FranchiseID, FranchiseName, Publisher, StartYear, WebsiteURL) VALUES (81, 'PowerWash Simulator', 'FuturLab', 2021, 'https://futurlab.co.uk');

INSERT INTO Platform (PlatformID, PlatformName, Manufacturer, ReleaseYear) VALUES (1, 'PC', 'Various', 1981);
INSERT INTO Platform (PlatformID, PlatformName, Manufacturer, ReleaseYear) VALUES (2, 'Xbox One', 'Microsoft', 2013);
INSERT INTO Platform (PlatformID, PlatformName, Manufacturer, ReleaseYear) VALUES (3, 'PS3', 'Sony', 2006);
INSERT INTO Platform (PlatformID, PlatformName, Manufacturer, ReleaseYear) VALUES (4, 'PS4', 'Sony', 2013);
INSERT INTO Platform (PlatformID, PlatformName, Manufacturer, ReleaseYear) VALUES (5, 'PS5', 'Sony', 2020);
INSERT INTO Platform (PlatformID, PlatformName, Manufacturer, ReleaseYear) VALUES (6, 'Nintendo Switch', 'Nintendo', 2017);
INSERT INTO Platform (PlatformID, PlatformName, Manufacturer, ReleaseYear) VALUES (7, 'Xbox 360', 'Microsoft', 2005);
INSERT INTO Platform (PlatformID, PlatformName, Manufacturer, ReleaseYear) VALUES (8, 'Xbox Series X/S', 'Microsoft', 2020);

INSERT INTO Region (RegionID, RegionName, Currency) VALUES (1, 'USA', 'United States Dollar');
INSERT INTO Region (RegionID, RegionName, Currency) VALUES (2, 'UK', 'Pound Sterling');
INSERT INTO Region (RegionID, RegionName, Currency) VALUES (3, 'Japan', 'Japanese Yen');
INSERT INTO Region (RegionID, RegionName, Currency) VALUES (4, 'Germany', 'Euro');
INSERT INTO Region (RegionID, RegionName, Currency) VALUES (5, 'Brazil', 'Brazilian Real');
INSERT INTO Region (RegionID, RegionName, Currency) VALUES (6, 'Canada', 'Canadian Dollar');
INSERT INTO Region (RegionID, RegionName, Currency) VALUES (7, 'Poland', 'Polish Zloty');
INSERT INTO Region (RegionID, RegionName, Currency) VALUES (8, 'Australia', 'Australian Dollar');
INSERT INTO Region (RegionID, RegionName, Currency) VALUES (9, 'Spain', 'Euro');
INSERT INTO Region (RegionID, RegionName, Currency) VALUES (10, 'China', 'Chinese Yuan');
INSERT INTO Region (RegionID, RegionName, Currency) VALUES (11, 'France', 'Euro');

INSERT INTO Game (GameID, Title, ReleaseDate, Genre, ESRBRating, FranchiseID) VALUES (1, 'Counter-Strike 2', TO_DATE('2012-08-01','YYYY-MM-DD'), 'FPS / Shooter', 'NonRated', 1);
INSERT INTO Game (GameID, Title, ReleaseDate, Genre, ESRBRating, FranchiseID) VALUES (2, 'PUBG: BATTLEGROUNDS', TO_DATE('2017-12-01','YYYY-MM-DD'), 'Battle Royale', 'T', 2);
INSERT INTO Game (GameID, Title, ReleaseDate, Genre, ESRBRating, FranchiseID) VALUES (3, 'Dota 2', TO_DATE('2013-07-01','YYYY-MM-DD'), 'MOBA', 'NonRated', 3);
INSERT INTO Game (GameID, Title, ReleaseDate, Genre, ESRBRating, FranchiseID) VALUES (4, 'Rust', TO_DATE('2018-02-01','YYYY-MM-DD'), 'Survival', 'NonRated', 4);
INSERT INTO Game (GameID, Title, ReleaseDate, Genre, ESRBRating, FranchiseID) VALUES (5, 'Team Fortress 2', TO_DATE('2007-10-01','YYYY-MM-DD'), 'FPS', 'M', 5);
INSERT INTO Game (GameID, Title, ReleaseDate, Genre, ESRBRating, FranchiseID) VALUES (6, 'Grand Theft Auto V', TO_DATE('2013-09-01','YYYY-MM-DD'), 'Action', 'M', 6);
INSERT INTO Game (GameID, Title, ReleaseDate, Genre, ESRBRating, FranchiseID) VALUES (7, 'Baldur?s Gate 3', TO_DATE('2023-08-01','YYYY-MM-DD'), 'RPG', 'M', 7);
INSERT INTO Game (GameID, Title, ReleaseDate, Genre, ESRBRating, FranchiseID) VALUES (8, 'Apex Legends', TO_DATE('2020-11-01','YYYY-MM-DD'), 'Battle Royale', 'T', 8);
INSERT INTO Game (GameID, Title, ReleaseDate, Genre, ESRBRating, FranchiseID) VALUES (9, 'Warframe', TO_DATE('2013-03-01','YYYY-MM-DD'), 'Action MMO', 'M', 9);
INSERT INTO Game (GameID, Title, ReleaseDate, Genre, ESRBRating, FranchiseID) VALUES (10, 'Rainbow Six Siege', TO_DATE('2015-12-01','YYYY-MM-DD'), 'Shooter', 'M', 10);
INSERT INTO Game (GameID, Title, ReleaseDate, Genre, ESRBRating, FranchiseID) VALUES (11, 'Cyberpunk 2077', TO_DATE('2020-12-01','YYYY-MM-DD'), 'RPG', 'M', 11);
INSERT INTO Game (GameID, Title, ReleaseDate, Genre, ESRBRating, FranchiseID) VALUES (12, 'The Witcher 3', TO_DATE('2015-05-01','YYYY-MM-DD'), 'RPG', 'M', 12);
INSERT INTO Game (GameID, Title, ReleaseDate, Genre, ESRBRating, FranchiseID) VALUES (13, 'Elden Ring', TO_DATE('2022-02-01','YYYY-MM-DD'), 'Action RPG', 'M', 13);
INSERT INTO Game (GameID, Title, ReleaseDate, Genre, ESRBRating, FranchiseID) VALUES (14, 'Dark Souls III', TO_DATE('2016-04-01','YYYY-MM-DD'), 'Action RPG', 'M', 13);
INSERT INTO Game (GameID, Title, ReleaseDate, Genre, ESRBRating, FranchiseID) VALUES (15, 'Sekiro', TO_DATE('2019-03-01','YYYY-MM-DD'), 'Action', 'M', 13);
INSERT INTO Game (GameID, Title, ReleaseDate, Genre, ESRBRating, FranchiseID) VALUES (16, 'Red Dead Redemption 2', TO_DATE('2019-11-01','YYYY-MM-DD'), 'Action', 'M', 14);
INSERT INTO Game (GameID, Title, ReleaseDate, Genre, ESRBRating, FranchiseID) VALUES (17, 'Fallout 4', TO_DATE('2015-11-01','YYYY-MM-DD'), 'RPG', 'M', 15);
INSERT INTO Game (GameID, Title, ReleaseDate, Genre, ESRBRating, FranchiseID) VALUES (18, 'Skyrim', TO_DATE('2011-11-01','YYYY-MM-DD'), 'RPG', 'M', 16);
INSERT INTO Game (GameID, Title, ReleaseDate, Genre, ESRBRating, FranchiseID) VALUES (19, 'Civilization VI', TO_DATE('2016-10-01','YYYY-MM-DD'), 'Strategy', 'E10+', 17);
INSERT INTO Game (GameID, Title, ReleaseDate, Genre, ESRBRating, FranchiseID) VALUES (20, 'Stardew Valley', TO_DATE('2016-02-01','YYYY-MM-DD'), 'Simulation', 'E10+', 18);
INSERT INTO Game (GameID, Title, ReleaseDate, Genre, ESRBRating, FranchiseID) VALUES (21, 'Terraria', TO_DATE('2011-05-01','YYYY-MM-DD'), 'Sandbox', 'T', 19);
INSERT INTO Game (GameID, Title, ReleaseDate, Genre, ESRBRating, FranchiseID) VALUES (22, 'Hades', TO_DATE('2020-09-01','YYYY-MM-DD'), 'Roguelike', 'T', 20);
INSERT INTO Game (GameID, Title, ReleaseDate, Genre, ESRBRating, FranchiseID) VALUES (23, 'Slay the Spire', TO_DATE('2019-01-01','YYYY-MM-DD'), 'Card', 'E10+', 21);
INSERT INTO Game (GameID, Title, ReleaseDate, Genre, ESRBRating, FranchiseID) VALUES (24, 'Euro Truck Simulator 2', TO_DATE('2012-10-01','YYYY-MM-DD'), 'Simulation', 'E', 22);
INSERT INTO Game (GameID, Title, ReleaseDate, Genre, ESRBRating, FranchiseID) VALUES (25, 'Cities: Skylines', TO_DATE('2015-03-01','YYYY-MM-DD'), 'Simulation', 'E', 23);
INSERT INTO Game (GameID, Title, ReleaseDate, Genre, ESRBRating, FranchiseID) VALUES (26, 'Minecraft', TO_DATE('2011-11-01','YYYY-MM-DD'), 'Sandbox', 'E10+', 24);
INSERT INTO Game (GameID, Title, ReleaseDate, Genre, ESRBRating, FranchiseID) VALUES (27, 'Among Us', TO_DATE('2018-06-01','YYYY-MM-DD'), 'Party', 'E10+', 25);
INSERT INTO Game (GameID, Title, ReleaseDate, Genre, ESRBRating, FranchiseID) VALUES (28, 'Left 4 Dead 2', TO_DATE('2009-11-01','YYYY-MM-DD'), 'Shooter', 'M', 26);
INSERT INTO Game (GameID, Title, ReleaseDate, Genre, ESRBRating, FranchiseID) VALUES (29, 'Portal 2', TO_DATE('2011-04-01','YYYY-MM-DD'), 'Puzzle', 'E10+', 27);
INSERT INTO Game (GameID, Title, ReleaseDate, Genre, ESRBRating, FranchiseID) VALUES (30, 'Half-Life 2', TO_DATE('2004-11-01','YYYY-MM-DD'), 'Shooter', 'M', 28);
INSERT INTO Game (GameID, Title, ReleaseDate, Genre, ESRBRating, FranchiseID) VALUES (31, 'ARK: Survival Evolved', TO_DATE('2017-08-01','YYYY-MM-DD'), 'Survival', 'T', 29);
INSERT INTO Game (GameID, Title, ReleaseDate, Genre, ESRBRating, FranchiseID) VALUES (32, 'No Man?s Sky', TO_DATE('2016-08-01','YYYY-MM-DD'), 'Exploration', 'T', 30);
INSERT INTO Game (GameID, Title, ReleaseDate, Genre, ESRBRating, FranchiseID) VALUES (33, 'Monster Hunter World', TO_DATE('2018-01-01','YYYY-MM-DD'), 'Action', 'T', 31);
INSERT INTO Game (GameID, Title, ReleaseDate, Genre, ESRBRating, FranchiseID) VALUES (34, 'Resident Evil Village', TO_DATE('2021-05-01','YYYY-MM-DD'), 'Horror', 'M', 32);
INSERT INTO Game (GameID, Title, ReleaseDate, Genre, ESRBRating, FranchiseID) VALUES (35, 'Resident Evil 4', TO_DATE('2005-01-01','YYYY-MM-DD'), 'Horror', 'M', 32);
INSERT INTO Game (GameID, Title, ReleaseDate, Genre, ESRBRating, FranchiseID) VALUES (36, 'Call of Duty: Modern Warfare', TO_DATE('2019-10-01','YYYY-MM-DD'), 'Shooter', 'M', 33);
INSERT INTO Game (GameID, Title, ReleaseDate, Genre, ESRBRating, FranchiseID) VALUES (37, 'Call of Duty: Warzone', TO_DATE('2020-03-01','YYYY-MM-DD'), 'Battle Royale', 'M', 33);
INSERT INTO Game (GameID, Title, ReleaseDate, Genre, ESRBRating, FranchiseID) VALUES (38, 'FIFA 23', TO_DATE('2022-09-01','YYYY-MM-DD'), 'Sports', 'E', 34);
INSERT INTO Game (GameID, Title, ReleaseDate, Genre, ESRBRating, FranchiseID) VALUES (39, 'NBA 2K23', TO_DATE('2022-09-01','YYYY-MM-DD'), 'Sports', 'E', 35);
INSERT INTO Game (GameID, Title, ReleaseDate, Genre, ESRBRating, FranchiseID) VALUES (40, 'Assassin?s Creed Valhalla', TO_DATE('2020-11-01','YYYY-MM-DD'), 'Action', 'M', 36);
INSERT INTO Game (GameID, Title, ReleaseDate, Genre, ESRBRating, FranchiseID) VALUES (41, 'Assassin?s Creed Odyssey', TO_DATE('2018-10-01','YYYY-MM-DD'), 'Action', 'M', 36);
INSERT INTO Game (GameID, Title, ReleaseDate, Genre, ESRBRating, FranchiseID) VALUES (42, 'Far Cry 5', TO_DATE('2018-03-01','YYYY-MM-DD'), 'Shooter', 'M', 37);
INSERT INTO Game (GameID, Title, ReleaseDate, Genre, ESRBRating, FranchiseID) VALUES (43, 'Far Cry 6', TO_DATE('2021-10-01','YYYY-MM-DD'), 'Shooter', 'M', 37);
INSERT INTO Game (GameID, Title, ReleaseDate, Genre, ESRBRating, FranchiseID) VALUES (44, 'DOOM Eternal', TO_DATE('2020-03-01','YYYY-MM-DD'), 'Shooter', 'M', 38);
INSERT INTO Game (GameID, Title, ReleaseDate, Genre, ESRBRating, FranchiseID) VALUES (45, 'DOOM', TO_DATE('2016-05-01','YYYY-MM-DD'), 'Shooter', 'M', 38);
INSERT INTO Game (GameID, Title, ReleaseDate, Genre, ESRBRating, FranchiseID) VALUES (46, 'Halo MCC', TO_DATE('2019-12-01','YYYY-MM-DD'), 'Shooter', 'M', 39);
INSERT INTO Game (GameID, Title, ReleaseDate, Genre, ESRBRating, FranchiseID) VALUES (47, 'Halo Infinite', TO_DATE('2021-12-01','YYYY-MM-DD'), 'Shooter', 'T', 39);
INSERT INTO Game (GameID, Title, ReleaseDate, Genre, ESRBRating, FranchiseID) VALUES (48, 'Forza Horizon 5', TO_DATE('2021-11-01','YYYY-MM-DD'), 'Racing', 'E', 40);
INSERT INTO Game (GameID, Title, ReleaseDate, Genre, ESRBRating, FranchiseID) VALUES (49, 'Need for Speed Heat', TO_DATE('2019-11-01','YYYY-MM-DD'), 'Racing', 'T', 41);
INSERT INTO Game (GameID, Title, ReleaseDate, Genre, ESRBRating, FranchiseID) VALUES (50, 'Dead by Daylight', TO_DATE('2016-06-01','YYYY-MM-DD'), 'Horror', 'M', 42);
INSERT INTO Game (GameID, Title, ReleaseDate, Genre, ESRBRating, FranchiseID) VALUES (51, 'Phasmophobia', TO_DATE('2020-09-01','YYYY-MM-DD'), 'Horror', 'Not Rated', 43);
INSERT INTO Game (GameID, Title, ReleaseDate, Genre, ESRBRating, FranchiseID) VALUES (52, 'Garry''s Mod', TO_DATE('2006-11-01','YYYY-MM-DD'), 'Sandbox', 'T', 44);
INSERT INTO Game (GameID, Title, ReleaseDate, Genre, ESRBRating, FranchiseID) VALUES (53, 'Subnautica', TO_DATE('2018-01-01','YYYY-MM-DD'), 'Survival', 'E10+', 45);
INSERT INTO Game (GameID, Title, ReleaseDate, Genre, ESRBRating, FranchiseID) VALUES (54, 'Subnautica Below Zero', TO_DATE('2021-05-01','YYYY-MM-DD'), 'Survival', 'E10+', 45);
INSERT INTO Game (GameID, Title, ReleaseDate, Genre, ESRBRating, FranchiseID) VALUES (55, 'The Forest', TO_DATE('2018-04-01','YYYY-MM-DD'), 'Survival', 'M', 46);
INSERT INTO Game (GameID, Title, ReleaseDate, Genre, ESRBRating, FranchiseID) VALUES (56, 'Sons of the Forest', TO_DATE('2023-02-01','YYYY-MM-DD'), 'Survival', 'M', 46);
INSERT INTO Game (GameID, Title, ReleaseDate, Genre, ESRBRating, FranchiseID) VALUES (57, 'Factorio', TO_DATE('2020-08-01','YYYY-MM-DD'), 'Simulation', 'E', 47);
INSERT INTO Game (GameID, Title, ReleaseDate, Genre, ESRBRating, FranchiseID) VALUES (58, 'RimWorld', TO_DATE('2018-10-01','YYYY-MM-DD'), 'Simulation', 'Not Rated', 48);
INSERT INTO Game (GameID, Title, ReleaseDate, Genre, ESRBRating, FranchiseID) VALUES (59, 'Project Zomboid', TO_DATE('2013-11-01','YYYY-MM-DD'), 'Survival', 'Not Rated', 49);
INSERT INTO Game (GameID, Title, ReleaseDate, Genre, ESRBRating, FranchiseID) VALUES (60, 'Valheim', TO_DATE('2021-02-01','YYYY-MM-DD'), 'Survival', 'T', 50);
INSERT INTO Game (GameID, Title, ReleaseDate, Genre, ESRBRating, FranchiseID) VALUES (61, 'Payday 2', TO_DATE('2013-08-01','YYYY-MM-DD'), 'Shooter', 'M', 51);
INSERT INTO Game (GameID, Title, ReleaseDate, Genre, ESRBRating, FranchiseID) VALUES (62, 'Payday 3', TO_DATE('2023-09-01','YYYY-MM-DD'), 'Shooter', 'M', 51);
INSERT INTO Game (GameID, Title, ReleaseDate, Genre, ESRBRating, FranchiseID) VALUES (63, 'Borderlands 2', TO_DATE('2012-09-01','YYYY-MM-DD'), 'Shooter', 'M', 52);
INSERT INTO Game (GameID, Title, ReleaseDate, Genre, ESRBRating, FranchiseID) VALUES (64, 'Borderlands 3', TO_DATE('2019-09-01','YYYY-MM-DD'), 'Shooter', 'M', 52);
INSERT INTO Game (GameID, Title, ReleaseDate, Genre, ESRBRating, FranchiseID) VALUES (65, 'BioShock Infinite', TO_DATE('2013-03-01','YYYY-MM-DD'), 'Shooter', 'M', 53);
INSERT INTO Game (GameID, Title, ReleaseDate, Genre, ESRBRating, FranchiseID) VALUES (66, 'BioShock', TO_DATE('2007-08-01','YYYY-MM-DD'), 'Shooter', 'M', 53);
INSERT INTO Game (GameID, Title, ReleaseDate, Genre, ESRBRating, FranchiseID) VALUES (67, 'Mass Effect Legendary Edition', TO_DATE('2021-05-01','YYYY-MM-DD'), 'RPG', 'M', 54);
INSERT INTO Game (GameID, Title, ReleaseDate, Genre, ESRBRating, FranchiseID) VALUES (68, 'Dragon Age Inquisition', TO_DATE('2014-11-01','YYYY-MM-DD'), 'RPG', 'M', 55);
INSERT INTO Game (GameID, Title, ReleaseDate, Genre, ESRBRating, FranchiseID) VALUES (69, 'Starfield', TO_DATE('2023-09-01','YYYY-MM-DD'), 'RPG', 'M', 56);
INSERT INTO Game (GameID, Title, ReleaseDate, Genre, ESRBRating, FranchiseID) VALUES (70, 'Outer Worlds', TO_DATE('2019-10-01','YYYY-MM-DD'), 'RPG', 'M', 57);
INSERT INTO Game (GameID, Title, ReleaseDate, Genre, ESRBRating, FranchiseID) VALUES (71, 'Hitman 3', TO_DATE('2021-01-01','YYYY-MM-DD'), 'Stealth', 'M', 58);
INSERT INTO Game (GameID, Title, ReleaseDate, Genre, ESRBRating, FranchiseID) VALUES (72, 'Hitman 2', TO_DATE('2018-11-01','YYYY-MM-DD'), 'Stealth', 'M', 58);
INSERT INTO Game (GameID, Title, ReleaseDate, Genre, ESRBRating, FranchiseID) VALUES (73, 'Dishonored 2', TO_DATE('2016-11-01','YYYY-MM-DD'), 'Stealth', 'M', 59);
INSERT INTO Game (GameID, Title, ReleaseDate, Genre, ESRBRating, FranchiseID) VALUES (74, 'Prey', TO_DATE('2017-05-01','YYYY-MM-DD'), 'Shooter', 'M', 60);
INSERT INTO Game (GameID, Title, ReleaseDate, Genre, ESRBRating, FranchiseID) VALUES (75, 'Control', TO_DATE('2019-08-01','YYYY-MM-DD'), 'Action', 'M', 61);
INSERT INTO Game (GameID, Title, ReleaseDate, Genre, ESRBRating, FranchiseID) VALUES (76, 'Alan Wake 2', TO_DATE('2023-10-01','YYYY-MM-DD'), 'Horror', 'M', 62);
INSERT INTO Game (GameID, Title, ReleaseDate, Genre, ESRBRating, FranchiseID) VALUES (77, 'Alan Wake', TO_DATE('2010-05-01','YYYY-MM-DD'), 'Horror', 'T', 62);
INSERT INTO Game (GameID, Title, ReleaseDate, Genre, ESRBRating, FranchiseID) VALUES (78, 'Death Stranding', TO_DATE('2020-07-01','YYYY-MM-DD'), 'Action', 'M', 63);
INSERT INTO Game (GameID, Title, ReleaseDate, Genre, ESRBRating, FranchiseID) VALUES (79, 'Metal Gear Solid V', TO_DATE('2015-09-01','YYYY-MM-DD'), 'Stealth', 'M', 64);
INSERT INTO Game (GameID, Title, ReleaseDate, Genre, ESRBRating, FranchiseID) VALUES (80, 'Metal Gear Rising', TO_DATE('2013-01-01','YYYY-MM-DD'), 'Action', 'M', 64);
INSERT INTO Game (GameID, Title, ReleaseDate, Genre, ESRBRating, FranchiseID) VALUES (81, 'Persona 5 Royal', TO_DATE('2022-10-01','YYYY-MM-DD'), 'RPG', 'M', 65);
INSERT INTO Game (GameID, Title, ReleaseDate, Genre, ESRBRating, FranchiseID) VALUES (82, 'Persona 4 Golden', TO_DATE('2020-06-01','YYYY-MM-DD'), 'RPG', 'M', 65);
INSERT INTO Game (GameID, Title, ReleaseDate, Genre, ESRBRating, FranchiseID) VALUES (83, 'Yakuza 0', TO_DATE('2015-03-01','YYYY-MM-DD'), 'Action', 'M', 66);
INSERT INTO Game (GameID, Title, ReleaseDate, Genre, ESRBRating, FranchiseID) VALUES (84, 'Yakuza Like a Dragon', TO_DATE('2020-11-01','YYYY-MM-DD'), 'RPG', 'M', 66);
INSERT INTO Game (GameID, Title, ReleaseDate, Genre, ESRBRating, FranchiseID) VALUES (85, 'Final Fantasy XV', TO_DATE('2016-11-01','YYYY-MM-DD'), 'RPG', 'T', 67);
INSERT INTO Game (GameID, Title, ReleaseDate, Genre, ESRBRating, FranchiseID) VALUES (86, 'Final Fantasy VII Remake', TO_DATE('2020-04-01','YYYY-MM-DD'), 'RPG', 'T', 67);
INSERT INTO Game (GameID, Title, ReleaseDate, Genre, ESRBRating, FranchiseID) VALUES (87, 'Kingdom Hearts III', TO_DATE('2019-01-01','YYYY-MM-DD'), 'RPG', 'E10+', 68);
INSERT INTO Game (GameID, Title, ReleaseDate, Genre, ESRBRating, FranchiseID) VALUES (88, 'Nier Automata', TO_DATE('2017-03-01','YYYY-MM-DD'), 'RPG', 'M', 69);
INSERT INTO Game (GameID, Title, ReleaseDate, Genre, ESRBRating, FranchiseID) VALUES (89, 'Devil May Cry 5', TO_DATE('2019-03-01','YYYY-MM-DD'), 'Action', 'M', 70);
INSERT INTO Game (GameID, Title, ReleaseDate, Genre, ESRBRating, FranchiseID) VALUES (90, 'Street Fighter V', TO_DATE('2016-02-01','YYYY-MM-DD'), 'Fighting', 'T', 71);
INSERT INTO Game (GameID, Title, ReleaseDate, Genre, ESRBRating, FranchiseID) VALUES (91, 'Tekken 7', TO_DATE('2017-06-01','YYYY-MM-DD'), 'Fighting', 'T', 72);
INSERT INTO Game (GameID, Title, ReleaseDate, Genre, ESRBRating, FranchiseID) VALUES (92, 'Mortal Kombat 11', TO_DATE('2019-04-01','YYYY-MM-DD'), 'Fighting', 'M', 73);
INSERT INTO Game (GameID, Title, ReleaseDate, Genre, ESRBRating, FranchiseID) VALUES (93, 'Injustice 2', TO_DATE('2017-05-01','YYYY-MM-DD'), 'Fighting', 'T', 74);
INSERT INTO Game (GameID, Title, ReleaseDate, Genre, ESRBRating, FranchiseID) VALUES (94, 'Overcooked 2', TO_DATE('2018-08-01','YYYY-MM-DD'), 'Party', 'E', 75);
INSERT INTO Game (GameID, Title, ReleaseDate, Genre, ESRBRating, FranchiseID) VALUES (95, 'Fall Guys', TO_DATE('2020-08-01','YYYY-MM-DD'), 'Party', 'E', 76);
INSERT INTO Game (GameID, Title, ReleaseDate, Genre, ESRBRating, FranchiseID) VALUES (96, 'Rocket League', TO_DATE('2015-07-01','YYYY-MM-DD'), 'Sports', 'E', 77);
INSERT INTO Game (GameID, Title, ReleaseDate, Genre, ESRBRating, FranchiseID) VALUES (97, 'Trackmania', TO_DATE('2020-07-01','YYYY-MM-DD'), 'Racing', 'E', 78);
INSERT INTO Game (GameID, Title, ReleaseDate, Genre, ESRBRating, FranchiseID) VALUES (98, 'SnowRunner', TO_DATE('2020-04-01','YYYY-MM-DD'), 'Simulation', 'E', 79);
INSERT INTO Game (GameID, Title, ReleaseDate, Genre, ESRBRating, FranchiseID) VALUES (99, 'House Flipper', TO_DATE('2018-05-01','YYYY-MM-DD'), 'Simulation', 'E', 80);
INSERT INTO Game (GameID, Title, ReleaseDate, Genre, ESRBRating, FranchiseID) VALUES (100, 'PowerWash Simulator', TO_DATE('2021-07-01','YYYY-MM-DD'), 'Simulation', 'E', 81);

INSERT INTO GamePlatform (GameID, PlatformID, ReleaseDateOnPlatform, PlatformExclusive) VALUES (1, 1, TO_DATE('2023-09-27','YYYY-MM-DD'), 1);
INSERT INTO GamePlatform (GameID, PlatformID, ReleaseDateOnPlatform, PlatformExclusive) VALUES (2, 1, TO_DATE('2017-12-21','YYYY-MM-DD'), 0);
INSERT INTO GamePlatform (GameID, PlatformID, ReleaseDateOnPlatform, PlatformExclusive) VALUES (2, 2, TO_DATE('2018-09-04','YYYY-MM-DD'), 0);
INSERT INTO GamePlatform (GameID, PlatformID, ReleaseDateOnPlatform, PlatformExclusive) VALUES (6, 3, TO_DATE('2013-09-17','YYYY-MM-DD'), 0);
INSERT INTO GamePlatform (GameID, PlatformID, ReleaseDateOnPlatform, PlatformExclusive) VALUES (6, 1, TO_DATE('2015-04-14','YYYY-MM-DD'), 0);
INSERT INTO GamePlatform (GameID, PlatformID, ReleaseDateOnPlatform, PlatformExclusive) VALUES (7, 1, TO_DATE('2023-08-03','YYYY-MM-DD'), 0);
INSERT INTO GamePlatform (GameID, PlatformID, ReleaseDateOnPlatform, PlatformExclusive) VALUES (7, 5, TO_DATE('2023-09-06','YYYY-MM-DD'), 0);
INSERT INTO GamePlatform (GameID, PlatformID, ReleaseDateOnPlatform, PlatformExclusive) VALUES (8, 1, TO_DATE('2020-11-04','YYYY-MM-DD'), 0);
INSERT INTO GamePlatform (GameID, PlatformID, ReleaseDateOnPlatform, PlatformExclusive) VALUES (8, 6, TO_DATE('2021-03-09','YYYY-MM-DD'), 0);
INSERT INTO GamePlatform (GameID, PlatformID, ReleaseDateOnPlatform, PlatformExclusive) VALUES (9, 1, TO_DATE('2013-03-25','YYYY-MM-DD'), 0);
INSERT INTO GamePlatform (GameID, PlatformID, ReleaseDateOnPlatform, PlatformExclusive) VALUES (9, 4, TO_DATE('2013-11-15','YYYY-MM-DD'), 0);
INSERT INTO GamePlatform (GameID, PlatformID, ReleaseDateOnPlatform, PlatformExclusive) VALUES (10, 1, TO_DATE('2015-12-01','YYYY-MM-DD'), 0);
INSERT INTO GamePlatform (GameID, PlatformID, ReleaseDateOnPlatform, PlatformExclusive) VALUES (11, 1, TO_DATE('2020-12-10','YYYY-MM-DD'), 0);
INSERT INTO GamePlatform (GameID, PlatformID, ReleaseDateOnPlatform, PlatformExclusive) VALUES (11, 5, TO_DATE('2022-02-15','YYYY-MM-DD'), 0);
INSERT INTO GamePlatform (GameID, PlatformID, ReleaseDateOnPlatform, PlatformExclusive) VALUES (12, 1, TO_DATE('2015-05-19','YYYY-MM-DD'), 0);
INSERT INTO GamePlatform (GameID, PlatformID, ReleaseDateOnPlatform, PlatformExclusive) VALUES (12, 6, TO_DATE('2019-10-15','YYYY-MM-DD'), 0);
INSERT INTO GamePlatform (GameID, PlatformID, ReleaseDateOnPlatform, PlatformExclusive) VALUES (13, 1, TO_DATE('2022-02-25','YYYY-MM-DD'), 0);
INSERT INTO GamePlatform (GameID, PlatformID, ReleaseDateOnPlatform, PlatformExclusive) VALUES (16, 4, TO_DATE('2018-10-26','YYYY-MM-DD'), 0);
INSERT INTO GamePlatform (GameID, PlatformID, ReleaseDateOnPlatform, PlatformExclusive) VALUES (16, 1, TO_DATE('2019-11-05','YYYY-MM-DD'), 0);
INSERT INTO GamePlatform (GameID, PlatformID, ReleaseDateOnPlatform, PlatformExclusive) VALUES (18, 1, TO_DATE('2011-11-11','YYYY-MM-DD'), 0);
INSERT INTO GamePlatform (GameID, PlatformID, ReleaseDateOnPlatform, PlatformExclusive) VALUES (18, 6, TO_DATE('2017-11-17','YYYY-MM-DD'), 0);
INSERT INTO GamePlatform (GameID, PlatformID, ReleaseDateOnPlatform, PlatformExclusive) VALUES (19, 1, TO_DATE('2016-10-21','YYYY-MM-DD'), 0);
INSERT INTO GamePlatform (GameID, PlatformID, ReleaseDateOnPlatform, PlatformExclusive) VALUES (19, 6, TO_DATE('2018-11-16','YYYY-MM-DD'), 0);
INSERT INTO GamePlatform (GameID, PlatformID, ReleaseDateOnPlatform, PlatformExclusive) VALUES (20, 1, TO_DATE('2016-02-26','YYYY-MM-DD'), 0);
INSERT INTO GamePlatform (GameID, PlatformID, ReleaseDateOnPlatform, PlatformExclusive) VALUES (20, 6, TO_DATE('2017-10-05','YYYY-MM-DD'), 0);
INSERT INTO GamePlatform (GameID, PlatformID, ReleaseDateOnPlatform, PlatformExclusive) VALUES (21, 1, TO_DATE('2011-05-16','YYYY-MM-DD'), 0);
INSERT INTO GamePlatform (GameID, PlatformID, ReleaseDateOnPlatform, PlatformExclusive) VALUES (21, 4, TO_DATE('2014-11-11','YYYY-MM-DD'), 0);
INSERT INTO GamePlatform (GameID, PlatformID, ReleaseDateOnPlatform, PlatformExclusive) VALUES (22, 1, TO_DATE('2020-09-17','YYYY-MM-DD'), 0);
INSERT INTO GamePlatform (GameID, PlatformID, ReleaseDateOnPlatform, PlatformExclusive) VALUES (22, 6, TO_DATE('2020-09-17','YYYY-MM-DD'), 0);
INSERT INTO GamePlatform (GameID, PlatformID, ReleaseDateOnPlatform, PlatformExclusive) VALUES (24, 1, TO_DATE('2012-10-19','YYYY-MM-DD'), 1);
INSERT INTO GamePlatform (GameID, PlatformID, ReleaseDateOnPlatform, PlatformExclusive) VALUES (25, 1, TO_DATE('2015-03-10','YYYY-MM-DD'), 0);
INSERT INTO GamePlatform (GameID, PlatformID, ReleaseDateOnPlatform, PlatformExclusive) VALUES (25, 4, TO_DATE('2017-08-15','YYYY-MM-DD'), 0);
INSERT INTO GamePlatform (GameID, PlatformID, ReleaseDateOnPlatform, PlatformExclusive) VALUES (64, 1, TO_DATE('2019-09-13','YYYY-MM-DD'), 0);
INSERT INTO GamePlatform (GameID, PlatformID, ReleaseDateOnPlatform, PlatformExclusive) VALUES (64, 5, TO_DATE('2020-11-12','YYYY-MM-DD'), 0);
INSERT INTO GamePlatform (GameID, PlatformID, ReleaseDateOnPlatform, PlatformExclusive) VALUES (65, 1, TO_DATE('2013-03-26','YYYY-MM-DD'), 0);
INSERT INTO GamePlatform (GameID, PlatformID, ReleaseDateOnPlatform, PlatformExclusive) VALUES (65, 7, TO_DATE('2013-03-26','YYYY-MM-DD'), 0);
INSERT INTO GamePlatform (GameID, PlatformID, ReleaseDateOnPlatform, PlatformExclusive) VALUES (67, 1, TO_DATE('2021-05-14','YYYY-MM-DD'), 0);
INSERT INTO GamePlatform (GameID, PlatformID, ReleaseDateOnPlatform, PlatformExclusive) VALUES (67, 4, TO_DATE('2021-05-14','YYYY-MM-DD'), 0);
INSERT INTO GamePlatform (GameID, PlatformID, ReleaseDateOnPlatform, PlatformExclusive) VALUES (68, 1, TO_DATE('2014-11-18','YYYY-MM-DD'), 0);
INSERT INTO GamePlatform (GameID, PlatformID, ReleaseDateOnPlatform, PlatformExclusive) VALUES (68, 2, TO_DATE('2014-11-18','YYYY-MM-DD'), 0);
INSERT INTO GamePlatform (GameID, PlatformID, ReleaseDateOnPlatform, PlatformExclusive) VALUES (69, 1, TO_DATE('2023-09-06','YYYY-MM-DD'), 0);
INSERT INTO GamePlatform (GameID, PlatformID, ReleaseDateOnPlatform, PlatformExclusive) VALUES (69, 8, TO_DATE('2023-09-06','YYYY-MM-DD'), 1);
INSERT INTO GamePlatform (GameID, PlatformID, ReleaseDateOnPlatform, PlatformExclusive) VALUES (70, 1, TO_DATE('2019-10-25','YYYY-MM-DD'), 0);
INSERT INTO GamePlatform (GameID, PlatformID, ReleaseDateOnPlatform, PlatformExclusive) VALUES (70, 6, TO_DATE('2020-06-05','YYYY-MM-DD'), 0);
INSERT INTO GamePlatform (GameID, PlatformID, ReleaseDateOnPlatform, PlatformExclusive) VALUES (71, 1, TO_DATE('2021-01-20','YYYY-MM-DD'), 0);
INSERT INTO GamePlatform (GameID, PlatformID, ReleaseDateOnPlatform, PlatformExclusive) VALUES (71, 5, TO_DATE('2021-01-20','YYYY-MM-DD'), 0);
INSERT INTO GamePlatform (GameID, PlatformID, ReleaseDateOnPlatform, PlatformExclusive) VALUES (73, 1, TO_DATE('2016-11-11','YYYY-MM-DD'), 0);
INSERT INTO GamePlatform (GameID, PlatformID, ReleaseDateOnPlatform, PlatformExclusive) VALUES (73, 4, TO_DATE('2016-11-11','YYYY-MM-DD'), 0);
INSERT INTO GamePlatform (GameID, PlatformID, ReleaseDateOnPlatform, PlatformExclusive) VALUES (74, 1, TO_DATE('2017-05-05','YYYY-MM-DD'), 0);
INSERT INTO GamePlatform (GameID, PlatformID, ReleaseDateOnPlatform, PlatformExclusive) VALUES (74, 2, TO_DATE('2017-05-05','YYYY-MM-DD'), 0);
INSERT INTO GamePlatform (GameID, PlatformID, ReleaseDateOnPlatform, PlatformExclusive) VALUES (75, 1, TO_DATE('2019-08-27','YYYY-MM-DD'), 0);
INSERT INTO GamePlatform (GameID, PlatformID, ReleaseDateOnPlatform, PlatformExclusive) VALUES (75, 5, TO_DATE('2021-02-02','YYYY-MM-DD'), 0);

INSERT INTO QuarterlySales (GameID, RegionID, SalesYear, QuarterNum, UnitsSold, Revenue) VALUES (6, 1, 2015, 2, 5000000, 300000000.00);
INSERT INTO QuarterlySales (GameID, RegionID, SalesYear, QuarterNum, UnitsSold, Revenue) VALUES (6, 2, 2015, 2, 1200000, 72000000.00);
INSERT INTO QuarterlySales (GameID, RegionID, SalesYear, QuarterNum, UnitsSold, Revenue) VALUES (6, 3, 2015, 3, 500000, 30000000.00);
INSERT INTO QuarterlySales (GameID, RegionID, SalesYear, QuarterNum, UnitsSold, Revenue) VALUES (36, 1, 2020, 2, 6000000, 360000000.00);
INSERT INTO QuarterlySales (GameID, RegionID, SalesYear, QuarterNum, UnitsSold, Revenue) VALUES (36, 4, 2020, 2, 1500000, 90000000.00);
INSERT INTO QuarterlySales (GameID, RegionID, SalesYear, QuarterNum, UnitsSold, Revenue) VALUES (26, 1, 2011, 4, 3000000, 90000000.00);
INSERT INTO QuarterlySales (GameID, RegionID, SalesYear, QuarterNum, UnitsSold, Revenue) VALUES (26, 5, 2012, 1, 800000, 24000000.00);
INSERT INTO QuarterlySales (GameID, RegionID, SalesYear, QuarterNum, UnitsSold, Revenue) VALUES (7, 1, 2023, 3, 2500000, 150000000.00);
INSERT INTO QuarterlySales (GameID, RegionID, SalesYear, QuarterNum, UnitsSold, Revenue) VALUES (7, 2, 2023, 3, 900000, 54000000.00);
INSERT INTO QuarterlySales (GameID, RegionID, SalesYear, QuarterNum, UnitsSold, Revenue) VALUES (13, 1, 2022, 1, 4000000, 240000000.00);
INSERT INTO QuarterlySales (GameID, RegionID, SalesYear, QuarterNum, UnitsSold, Revenue) VALUES (13, 3, 2022, 1, 1200000, 72000000.00);
INSERT INTO QuarterlySales (GameID, RegionID, SalesYear, QuarterNum, UnitsSold, Revenue) VALUES (11, 1, 2020, 4, 3500000, 210000000.00);
INSERT INTO QuarterlySales (GameID, RegionID, SalesYear, QuarterNum, UnitsSold, Revenue) VALUES (11, 7, 2020, 4, 700000, 42000000.00);
INSERT INTO QuarterlySales (GameID, RegionID, SalesYear, QuarterNum, UnitsSold, Revenue) VALUES (16, 1, 2019, 4, 3000000, 180000000.00);
INSERT INTO QuarterlySales (GameID, RegionID, SalesYear, QuarterNum, UnitsSold, Revenue) VALUES (16, 8, 2019, 4, 500000, 30000000.00);
INSERT INTO QuarterlySales (GameID, RegionID, SalesYear, QuarterNum, UnitsSold, Revenue) VALUES (38, 2, 2022, 4, 2200000, 132000000.00);
INSERT INTO QuarterlySales (GameID, RegionID, SalesYear, QuarterNum, UnitsSold, Revenue) VALUES (38, 9, 2022, 4, 1500000, 90000000.00);
INSERT INTO QuarterlySales (GameID, RegionID, SalesYear, QuarterNum, UnitsSold, Revenue) VALUES (39, 1, 2022, 3, 1800000, 108000000.00);
INSERT INTO QuarterlySales (GameID, RegionID, SalesYear, QuarterNum, UnitsSold, Revenue) VALUES (39, 10, 2022, 4, 1200000, 72000000.00);
INSERT INTO QuarterlySales (GameID, RegionID, SalesYear, QuarterNum, UnitsSold, Revenue) VALUES (40, 1, 2020, 4, 2000000, 120000000.00);
INSERT INTO QuarterlySales (GameID, RegionID, SalesYear, QuarterNum, UnitsSold, Revenue) VALUES (40, 11, 2020, 4, 800000, 48000000.00);
INSERT INTO QuarterlySales (GameID, RegionID, SalesYear, QuarterNum, UnitsSold, Revenue) VALUES (33, 3, 2018, 1, 2500000, 150000000.00);
INSERT INTO QuarterlySales (GameID, RegionID, SalesYear, QuarterNum, UnitsSold, Revenue) VALUES (33, 1, 2018, 1, 2000000, 120000000.00);
INSERT INTO QuarterlySales (GameID, RegionID, SalesYear, QuarterNum, UnitsSold, Revenue) VALUES (21, 1, 2011, 2, 1500000, 30000000.00);
INSERT INTO QuarterlySales (GameID, RegionID, SalesYear, QuarterNum, UnitsSold, Revenue) VALUES (21, 4, 2012, 1, 500000, 10000000.00);
INSERT INTO QuarterlySales (GameID, RegionID, SalesYear, QuarterNum, UnitsSold, Revenue) VALUES (20, 1, 2016, 1, 800000, 12000000.00);
INSERT INTO QuarterlySales (GameID, RegionID, SalesYear, QuarterNum, UnitsSold, Revenue) VALUES (20, 6, 2016, 2, 300000, 4500000.00);
INSERT INTO QuarterlySales (GameID, RegionID, SalesYear, QuarterNum, UnitsSold, Revenue) VALUES (22, 1, 2020, 3, 600000, 15000000.00);

INSERT INTO FranchisePerformanceRank (FranchiseID, GlobalRank, TotalRevenue, LastUpdatedDate) VALUES (1, 20, 1000000000.00, TO_DATE('2026-03-31','YYYY-MM-DD'));
INSERT INTO FranchisePerformanceRank (FranchiseID, GlobalRank, TotalRevenue, LastUpdatedDate) VALUES (2, 15, 13000000000.00, TO_DATE('2026-03-31','YYYY-MM-DD'));
INSERT INTO FranchisePerformanceRank (FranchiseID, GlobalRank, TotalRevenue, LastUpdatedDate) VALUES (3, 20, 1000000000.00, TO_DATE('2026-03-31','YYYY-MM-DD'));
INSERT INTO FranchisePerformanceRank (FranchiseID, GlobalRank, TotalRevenue, LastUpdatedDate) VALUES (4, 100, 500000000.00, TO_DATE('2026-03-31','YYYY-MM-DD'));
INSERT INTO FranchisePerformanceRank (FranchiseID, GlobalRank, TotalRevenue, LastUpdatedDate) VALUES (5, 50, 500000000.00, TO_DATE('2026-03-31','YYYY-MM-DD'));
INSERT INTO FranchisePerformanceRank (FranchiseID, GlobalRank, TotalRevenue, LastUpdatedDate) VALUES (6, 10, 10000000000.00, TO_DATE('2026-03-31','YYYY-MM-DD'));
INSERT INTO FranchisePerformanceRank (FranchiseID, GlobalRank, TotalRevenue, LastUpdatedDate) VALUES (7, 100, 500000000.00, TO_DATE('2026-03-31','YYYY-MM-DD'));
INSERT INTO FranchisePerformanceRank (FranchiseID, GlobalRank, TotalRevenue, LastUpdatedDate) VALUES (8, 50, 1000000000.00, TO_DATE('2026-03-31','YYYY-MM-DD'));
INSERT INTO FranchisePerformanceRank (FranchiseID, GlobalRank, TotalRevenue, LastUpdatedDate) VALUES (9, 50, 1000000000.00, TO_DATE('2026-03-31','YYYY-MM-DD'));
INSERT INTO FranchisePerformanceRank (FranchiseID, GlobalRank, TotalRevenue, LastUpdatedDate) VALUES (10, 100, 100000000.00, TO_DATE('2026-03-31','YYYY-MM-DD'));
INSERT INTO FranchisePerformanceRank (FranchiseID, GlobalRank, TotalRevenue, LastUpdatedDate) VALUES (11, 50, 1000000000.00, TO_DATE('2026-03-31','YYYY-MM-DD'));
INSERT INTO FranchisePerformanceRank (FranchiseID, GlobalRank, TotalRevenue, LastUpdatedDate) VALUES (12, 30, 2000000000.00, TO_DATE('2026-03-31','YYYY-MM-DD'));
INSERT INTO FranchisePerformanceRank (FranchiseID, GlobalRank, TotalRevenue, LastUpdatedDate) VALUES (13, 20, 3000000000.00, TO_DATE('2026-03-31','YYYY-MM-DD'));
INSERT INTO FranchisePerformanceRank (FranchiseID, GlobalRank, TotalRevenue, LastUpdatedDate) VALUES (14, 30, 5000000000.00, TO_DATE('2026-03-31','YYYY-MM-DD'));
INSERT INTO FranchisePerformanceRank (FranchiseID, GlobalRank, TotalRevenue, LastUpdatedDate) VALUES (15, 20, 3000000000.00, TO_DATE('2026-03-31','YYYY-MM-DD'));
INSERT INTO FranchisePerformanceRank (FranchiseID, GlobalRank, TotalRevenue, LastUpdatedDate) VALUES (16, 20, 4000000000.00, TO_DATE('2026-03-31','YYYY-MM-DD'));
INSERT INTO FranchisePerformanceRank (FranchiseID, GlobalRank, TotalRevenue, LastUpdatedDate) VALUES (17, 25, 3000000000.00, TO_DATE('2026-03-31','YYYY-MM-DD'));
INSERT INTO FranchisePerformanceRank (FranchiseID, GlobalRank, TotalRevenue, LastUpdatedDate) VALUES (18, 100, 500000000.00, TO_DATE('2026-03-31','YYYY-MM-DD'));
INSERT INTO FranchisePerformanceRank (FranchiseID, GlobalRank, TotalRevenue, LastUpdatedDate) VALUES (19, 50, 1000000000.00, TO_DATE('2026-03-31','YYYY-MM-DD'));
INSERT INTO FranchisePerformanceRank (FranchiseID, GlobalRank, TotalRevenue, LastUpdatedDate) VALUES (20, 100, 200000000.00, TO_DATE('2026-03-31','YYYY-MM-DD'));
INSERT INTO FranchisePerformanceRank (FranchiseID, GlobalRank, TotalRevenue, LastUpdatedDate) VALUES (21, 100, 200000000.00, TO_DATE('2026-03-31','YYYY-MM-DD'));
INSERT INTO FranchisePerformanceRank (FranchiseID, GlobalRank, TotalRevenue, LastUpdatedDate) VALUES (22, 100, 200000000.00, TO_DATE('2026-03-31','YYYY-MM-DD'));
INSERT INTO FranchisePerformanceRank (FranchiseID, GlobalRank, TotalRevenue, LastUpdatedDate) VALUES (23, 100, 250000000.00, TO_DATE('2026-03-31','YYYY-MM-DD'));
INSERT INTO FranchisePerformanceRank (FranchiseID, GlobalRank, TotalRevenue, LastUpdatedDate) VALUES (24, 5, 20000000000.00, TO_DATE('2026-03-31','YYYY-MM-DD'));
INSERT INTO FranchisePerformanceRank (FranchiseID, GlobalRank, TotalRevenue, LastUpdatedDate) VALUES (25, 50, 500000000.00, TO_DATE('2026-03-31','YYYY-MM-DD'));
INSERT INTO FranchisePerformanceRank (FranchiseID, GlobalRank, TotalRevenue, LastUpdatedDate) VALUES (26, 50, 500000000.00, TO_DATE('2026-03-31','YYYY-MM-DD'));
INSERT INTO FranchisePerformanceRank (FranchiseID, GlobalRank, TotalRevenue, LastUpdatedDate) VALUES (27, 50, 500000000.00, TO_DATE('2026-03-31','YYYY-MM-DD'));
INSERT INTO FranchisePerformanceRank (FranchiseID, GlobalRank, TotalRevenue, LastUpdatedDate) VALUES (28, 20, 1000000000.00, TO_DATE('2026-03-31','YYYY-MM-DD'));
INSERT INTO FranchisePerformanceRank (FranchiseID, GlobalRank, TotalRevenue, LastUpdatedDate) VALUES (29, 50, 1000000000.00, TO_DATE('2026-03-31','YYYY-MM-DD'));
INSERT INTO FranchisePerformanceRank (FranchiseID, GlobalRank, TotalRevenue, LastUpdatedDate) VALUES (30, 100, 100000000.00, TO_DATE('2026-03-31','YYYY-MM-DD'));
INSERT INTO FranchisePerformanceRank (FranchiseID, GlobalRank, TotalRevenue, LastUpdatedDate) VALUES (31, 20, 8000000000.00, TO_DATE('2026-03-31','YYYY-MM-DD'));
INSERT INTO FranchisePerformanceRank (FranchiseID, GlobalRank, TotalRevenue, LastUpdatedDate) VALUES (32, 15, 9000000000.00, TO_DATE('2026-03-31','YYYY-MM-DD'));
INSERT INTO FranchisePerformanceRank (FranchiseID, GlobalRank, TotalRevenue, LastUpdatedDate) VALUES (33, 5, 30000000000.00, TO_DATE('2026-03-31','YYYY-MM-DD'));
INSERT INTO FranchisePerformanceRank (FranchiseID, GlobalRank, TotalRevenue, LastUpdatedDate) VALUES (34, 10, 20000000000.00, TO_DATE('2026-03-31','YYYY-MM-DD'));
INSERT INTO FranchisePerformanceRank (FranchiseID, GlobalRank, TotalRevenue, LastUpdatedDate) VALUES (35, 20, 5000000000.00, TO_DATE('2026-03-31','YYYY-MM-DD'));
INSERT INTO FranchisePerformanceRank (FranchiseID, GlobalRank, TotalRevenue, LastUpdatedDate) VALUES (36, 15, 4000000000.00, TO_DATE('2026-03-31','YYYY-MM-DD'));
INSERT INTO FranchisePerformanceRank (FranchiseID, GlobalRank, TotalRevenue, LastUpdatedDate) VALUES (37, 30, 3000000000.00, TO_DATE('2026-03-31','YYYY-MM-DD'));
INSERT INTO FranchisePerformanceRank (FranchiseID, GlobalRank, TotalRevenue, LastUpdatedDate) VALUES (38, 25, 2000000000.00, TO_DATE('2026-03-31','YYYY-MM-DD'));
INSERT INTO FranchisePerformanceRank (FranchiseID, GlobalRank, TotalRevenue, LastUpdatedDate) VALUES (39, 20, 6000000000.00, TO_DATE('2026-03-31','YYYY-MM-DD'));
INSERT INTO FranchisePerformanceRank (FranchiseID, GlobalRank, TotalRevenue, LastUpdatedDate) VALUES (40, 50, 1000000000.00, TO_DATE('2026-03-31','YYYY-MM-DD'));
INSERT INTO FranchisePerformanceRank (FranchiseID, GlobalRank, TotalRevenue, LastUpdatedDate) VALUES (41, 100, 100000000.00, TO_DATE('2026-03-31','YYYY-MM-DD'));
INSERT INTO FranchisePerformanceRank (FranchiseID, GlobalRank, TotalRevenue, LastUpdatedDate) VALUES (42, 50, 1000000000.00, TO_DATE('2026-03-31','YYYY-MM-DD'));
INSERT INTO FranchisePerformanceRank (FranchiseID, GlobalRank, TotalRevenue, LastUpdatedDate) VALUES (43, 100, 200000000.00, TO_DATE('2026-03-31','YYYY-MM-DD'));
INSERT INTO FranchisePerformanceRank (FranchiseID, GlobalRank, TotalRevenue, LastUpdatedDate) VALUES (44, 50, 500000000.00, TO_DATE('2026-03-31','YYYY-MM-DD'));
INSERT INTO FranchisePerformanceRank (FranchiseID, GlobalRank, TotalRevenue, LastUpdatedDate) VALUES (45, 100, 300000000.00, TO_DATE('2026-03-31','YYYY-MM-DD'));
INSERT INTO FranchisePerformanceRank (FranchiseID, GlobalRank, TotalRevenue, LastUpdatedDate) VALUES (46, 100, 300000000.00, TO_DATE('2026-03-31','YYYY-MM-DD'));
INSERT INTO FranchisePerformanceRank (FranchiseID, GlobalRank, TotalRevenue, LastUpdatedDate) VALUES (47, 100, 150000000.00, TO_DATE('2026-03-31','YYYY-MM-DD'));
INSERT INTO FranchisePerformanceRank (FranchiseID, GlobalRank, TotalRevenue, LastUpdatedDate) VALUES (48, 100, 150000000.00, TO_DATE('2026-03-31','YYYY-MM-DD'));
INSERT INTO FranchisePerformanceRank (FranchiseID, GlobalRank, TotalRevenue, LastUpdatedDate) VALUES (49, 100, 150000000.00, TO_DATE('2026-03-31','YYYY-MM-DD'));
INSERT INTO FranchisePerformanceRank (FranchiseID, GlobalRank, TotalRevenue, LastUpdatedDate) VALUES (50, 100, 200000000.00, TO_DATE('2026-03-31','YYYY-MM-DD'));
INSERT INTO FranchisePerformanceRank (FranchiseID, GlobalRank, TotalRevenue, LastUpdatedDate) VALUES (51, 50, 1000000000.00, TO_DATE('2026-03-31','YYYY-MM-DD'));
INSERT INTO FranchisePerformanceRank (FranchiseID, GlobalRank, TotalRevenue, LastUpdatedDate) VALUES (52, 30, 1000000000.00, TO_DATE('2026-03-31','YYYY-MM-DD'));
INSERT INTO FranchisePerformanceRank (FranchiseID, GlobalRank, TotalRevenue, LastUpdatedDate) VALUES (53, 30, 1000000000.00, TO_DATE('2026-03-31','YYYY-MM-DD'));
INSERT INTO FranchisePerformanceRank (FranchiseID, GlobalRank, TotalRevenue, LastUpdatedDate) VALUES (54, 30, 1000000000.00, TO_DATE('2026-03-31','YYYY-MM-DD'));
INSERT INTO FranchisePerformanceRank (FranchiseID, GlobalRank, TotalRevenue, LastUpdatedDate) VALUES (55, 30, 1000000000.00, TO_DATE('2026-03-31','YYYY-MM-DD'));
INSERT INTO FranchisePerformanceRank (FranchiseID, GlobalRank, TotalRevenue, LastUpdatedDate) VALUES (56, 100, 500000000.00, TO_DATE('2026-03-31','YYYY-MM-DD'));
INSERT INTO FranchisePerformanceRank (FranchiseID, GlobalRank, TotalRevenue, LastUpdatedDate) VALUES (57, 100, 500000000.00, TO_DATE('2026-03-31','YYYY-MM-DD'));
INSERT INTO FranchisePerformanceRank (FranchiseID, GlobalRank, TotalRevenue, LastUpdatedDate) VALUES (58, 50, 1000000000.00, TO_DATE('2026-03-31','YYYY-MM-DD'));
INSERT INTO FranchisePerformanceRank (FranchiseID, GlobalRank, TotalRevenue, LastUpdatedDate) VALUES (59, 50, 1000000000.00, TO_DATE('2026-03-31','YYYY-MM-DD'));
INSERT INTO FranchisePerformanceRank (FranchiseID, GlobalRank, TotalRevenue, LastUpdatedDate) VALUES (60, 100, 500000000.00, TO_DATE('2026-03-31','YYYY-MM-DD'));
INSERT INTO FranchisePerformanceRank (FranchiseID, GlobalRank, TotalRevenue, LastUpdatedDate) VALUES (61, 100, 500000000.00, TO_DATE('2026-03-31','YYYY-MM-DD'));
INSERT INTO FranchisePerformanceRank (FranchiseID, GlobalRank, TotalRevenue, LastUpdatedDate) VALUES (62, 100, 500000000.00, TO_DATE('2026-03-31','YYYY-MM-DD'));
INSERT INTO FranchisePerformanceRank (FranchiseID, GlobalRank, TotalRevenue, LastUpdatedDate) VALUES (63, 50, 1000000000.00, TO_DATE('2026-03-31','YYYY-MM-DD'));
INSERT INTO FranchisePerformanceRank (FranchiseID, GlobalRank, TotalRevenue, LastUpdatedDate) VALUES (64, 20, 3000000000.00, TO_DATE('2026-03-31','YYYY-MM-DD'));
INSERT INTO FranchisePerformanceRank (FranchiseID, GlobalRank, TotalRevenue, LastUpdatedDate) VALUES (65, 30, 2000000000.00, TO_DATE('2026-03-31','YYYY-MM-DD'));
INSERT INTO FranchisePerformanceRank (FranchiseID, GlobalRank, TotalRevenue, LastUpdatedDate) VALUES (66, 30, 2000000000.00, TO_DATE('2026-03-31','YYYY-MM-DD'));
INSERT INTO FranchisePerformanceRank (FranchiseID, GlobalRank, TotalRevenue, LastUpdatedDate) VALUES (67, 10, 12000000000.00, TO_DATE('2026-03-31','YYYY-MM-DD'));
INSERT INTO FranchisePerformanceRank (FranchiseID, GlobalRank, TotalRevenue, LastUpdatedDate) VALUES (68, 20, 3000000000.00, TO_DATE('2026-03-31','YYYY-MM-DD'));
INSERT INTO FranchisePerformanceRank (FranchiseID, GlobalRank, TotalRevenue, LastUpdatedDate) VALUES (69, 50, 1000000000.00, TO_DATE('2026-03-31','YYYY-MM-DD'));
INSERT INTO FranchisePerformanceRank (FranchiseID, GlobalRank, TotalRevenue, LastUpdatedDate) VALUES (70, 30, 2000000000.00, TO_DATE('2026-03-31','YYYY-MM-DD'));
INSERT INTO FranchisePerformanceRank (FranchiseID, GlobalRank, TotalRevenue, LastUpdatedDate) VALUES (71, 20, 5000000000.00, TO_DATE('2026-03-31','YYYY-MM-DD'));
INSERT INTO FranchisePerformanceRank (FranchiseID, GlobalRank, TotalRevenue, LastUpdatedDate) VALUES (72, 20, 5000000000.00, TO_DATE('2026-03-31','YYYY-MM-DD'));
INSERT INTO FranchisePerformanceRank (FranchiseID, GlobalRank, TotalRevenue, LastUpdatedDate) VALUES (73, 20, 5000000000.00, TO_DATE('2026-03-31','YYYY-MM-DD'));
INSERT INTO FranchisePerformanceRank (FranchiseID, GlobalRank, TotalRevenue, LastUpdatedDate) VALUES (74, 50, 1000000000.00, TO_DATE('2026-03-31','YYYY-MM-DD'));
INSERT INTO FranchisePerformanceRank (FranchiseID, GlobalRank, TotalRevenue, LastUpdatedDate) VALUES (75, 100, 200000000.00, TO_DATE('2026-03-31','YYYY-MM-DD'));
INSERT INTO FranchisePerformanceRank (FranchiseID, GlobalRank, TotalRevenue, LastUpdatedDate) VALUES (76, 50, 1000000000.00, TO_DATE('2026-03-31','YYYY-MM-DD'));
INSERT INTO FranchisePerformanceRank (FranchiseID, GlobalRank, TotalRevenue, LastUpdatedDate) VALUES (77, 20, 3000000000.00, TO_DATE('2026-03-31','YYYY-MM-DD'));
INSERT INTO FranchisePerformanceRank (FranchiseID, GlobalRank, TotalRevenue, LastUpdatedDate) VALUES (78, 50, 1000000000.00, TO_DATE('2026-03-31','YYYY-MM-DD'));
INSERT INTO FranchisePerformanceRank (FranchiseID, GlobalRank, TotalRevenue, LastUpdatedDate) VALUES (79, 100, 100000000.00, TO_DATE('2026-03-31','YYYY-MM-DD'));
INSERT INTO FranchisePerformanceRank (FranchiseID, GlobalRank, TotalRevenue, LastUpdatedDate) VALUES (80, 100, 100000000.00, TO_DATE('2026-03-31','YYYY-MM-DD'));
INSERT INTO FranchisePerformanceRank (FranchiseID, GlobalRank, TotalRevenue, LastUpdatedDate) VALUES (81, 100, 100000000.00, TO_DATE('2026-03-31','YYYY-MM-DD'));

COMMIT;